<?xml version="1.0" encoding="UTF-8"?>

<BugCollection version="3.1.6" sequence="0" timestamp="1559555101064" analysisTimestamp="1559555228955" release="">
  <Project>
    <Jar>C:\Users\Dell\Desktop\Project_Test\target\classes\AbstractFactory\Burger.class</Jar>
    <Jar>C:\Users\Dell\Desktop\Project_Test\target\classes\AbstractFactory\BurgerComboSet.class</Jar>
    <Jar>C:\Users\Dell\Desktop\Project_Test\target\classes\AbstractFactory\CaramelPopcorn.class</Jar>
    <Jar>C:\Users\Dell\Desktop\Project_Test\target\classes\AbstractFactory\CheeseBurger.class</Jar>
    <Jar>C:\Users\Dell\Desktop\Project_Test\target\classes\AbstractFactory\CheeseComboSetFactory.class</Jar>
    <Jar>C:\Users\Dell\Desktop\Project_Test\target\classes\AbstractFactory\CheeseComboSetMenu.class</Jar>
    <Jar>C:\Users\Dell\Desktop\Project_Test\target\classes\AbstractFactory\CheeseHotdog.class</Jar>
    <Jar>C:\Users\Dell\Desktop\Project_Test\target\classes\AbstractFactory\CheeseNacho.class</Jar>
    <Jar>C:\Users\Dell\Desktop\Project_Test\target\classes\AbstractFactory\CheesePopcorn.class</Jar>
    <Jar>C:\Users\Dell\Desktop\Project_Test\target\classes\AbstractFactory\Cider.class</Jar>
    <Jar>C:\Users\Dell\Desktop\Project_Test\target\classes\AbstractFactory\Cola.class</Jar>
    <Jar>C:\Users\Dell\Desktop\Project_Test\target\classes\AbstractFactory\ComboSet.class</Jar>
    <Jar>C:\Users\Dell\Desktop\Project_Test\target\classes\AbstractFactory\ComboSetFactory.class</Jar>
    <Jar>C:\Users\Dell\Desktop\Project_Test\target\classes\AbstractFactory\ComboSetMenu.class</Jar>
    <Jar>C:\Users\Dell\Desktop\Project_Test\target\classes\AbstractFactory\Drink.class</Jar>
    <Jar>C:\Users\Dell\Desktop\Project_Test\target\classes\AbstractFactory\HotDog.class</Jar>
    <Jar>C:\Users\Dell\Desktop\Project_Test\target\classes\AbstractFactory\Nacho.class</Jar>
    <Jar>C:\Users\Dell\Desktop\Project_Test\target\classes\AbstractFactory\NachoComboSet.class</Jar>
    <Jar>C:\Users\Dell\Desktop\Project_Test\target\classes\AbstractFactory\Popcorn.class</Jar>
    <Jar>C:\Users\Dell\Desktop\Project_Test\target\classes\AbstractFactory\SpicyBurger.class</Jar>
    <Jar>C:\Users\Dell\Desktop\Project_Test\target\classes\AbstractFactory\SpicyComboSetFactory.class</Jar>
    <Jar>C:\Users\Dell\Desktop\Project_Test\target\classes\AbstractFactory\SpicyComboSetMenu.class</Jar>
    <Jar>C:\Users\Dell\Desktop\Project_Test\target\classes\AbstractFactory\SpicyHotdog.class</Jar>
    <Jar>C:\Users\Dell\Desktop\Project_Test\target\classes\AbstractFactory\SpicyNacho.class</Jar>
    <Jar>C:\Users\Dell\Desktop\Project_Test\target\classes\AbstractFactory\SpicyPopcorn.class</Jar>
    <Jar>C:\Users\Dell\Desktop\Project_Test\target\classes\builder\MovieInfomationBuilder.class</Jar>
    <Jar>C:\Users\Dell\Desktop\Project_Test\target\classes\builder\MovieInformation.class</Jar>
    <Jar>C:\Users\Dell\Desktop\Project_Test\target\classes\client\MainDisplay.class</Jar>
    <Jar>C:\Users\Dell\Desktop\Project_Test\target\classes\command\BurgerChef.class</Jar>
    <Jar>C:\Users\Dell\Desktop\Project_Test\target\classes\command\BurgerOrder.class</Jar>
    <Jar>C:\Users\Dell\Desktop\Project_Test\target\classes\command\Command.class</Jar>
    <Jar>C:\Users\Dell\Desktop\Project_Test\target\classes\command\DrinkChef.class</Jar>
    <Jar>C:\Users\Dell\Desktop\Project_Test\target\classes\command\DrinkOrder.class</Jar>
    <Jar>C:\Users\Dell\Desktop\Project_Test\target\classes\command\HotdogChef.class</Jar>
    <Jar>C:\Users\Dell\Desktop\Project_Test\target\classes\command\HotdogOrder.class</Jar>
    <Jar>C:\Users\Dell\Desktop\Project_Test\target\classes\command\NachoChef.class</Jar>
    <Jar>C:\Users\Dell\Desktop\Project_Test\target\classes\command\NachoOrder.class</Jar>
    <Jar>C:\Users\Dell\Desktop\Project_Test\target\classes\command\PopcornChef.class</Jar>
    <Jar>C:\Users\Dell\Desktop\Project_Test\target\classes\command\PopcornOrder.class</Jar>
    <Jar>C:\Users\Dell\Desktop\Project_Test\target\classes\command\SetChef.class</Jar>
    <Jar>C:\Users\Dell\Desktop\Project_Test\target\classes\command\SetOrder.class</Jar>
    <Jar>C:\Users\Dell\Desktop\Project_Test\target\classes\command\Staff.class</Jar>
    <Jar>C:\Users\Dell\Desktop\Project_Test\target\classes\decorator\CardDiscount.class</Jar>
    <Jar>C:\Users\Dell\Desktop\Project_Test\target\classes\decorator\CondimentDecorator.class</Jar>
    <Jar>C:\Users\Dell\Desktop\Project_Test\target\classes\decorator\EarlyMorningMoive.class</Jar>
    <Jar>C:\Users\Dell\Desktop\Project_Test\target\classes\decorator\LateNightMoive.class</Jar>
    <Jar>C:\Users\Dell\Desktop\Project_Test\target\classes\decorator\Moive.class</Jar>
    <Jar>C:\Users\Dell\Desktop\Project_Test\target\classes\decorator\StudentDiscount.class</Jar>
    <Jar>C:\Users\Dell\Desktop\Project_Test\target\classes\decorator\Ticket.class</Jar>
    <Jar>C:\Users\Dell\Desktop\Project_Test\target\classes\iterator\Iterator.class</Jar>
    <Jar>C:\Users\Dell\Desktop\Project_Test\target\classes\iterator\Movie.class</Jar>
    <Jar>C:\Users\Dell\Desktop\Project_Test\target\classes\iterator\MovieDisplay.class</Jar>
    <Jar>C:\Users\Dell\Desktop\Project_Test\target\classes\iterator\MovieItem.class</Jar>
    <Jar>C:\Users\Dell\Desktop\Project_Test\target\classes\iterator\MovieList.class</Jar>
    <Jar>C:\Users\Dell\Desktop\Project_Test\target\classes\iterator\MovieListIterator.class</Jar>
    <Jar>C:\Users\Dell\Desktop\Project_Test\target\classes\iterator\ReOpenMovieList.class</Jar>
    <Jar>C:\Users\Dell\Desktop\Project_Test\target\classes\iterator\ReOpenMovieListIterator.class</Jar>
    <Jar>C:\Users\Dell\Desktop\Project_Test\target\classes\observer\DisplayElement.class</Jar>
    <Jar>C:\Users\Dell\Desktop\Project_Test\target\classes\observer\Observer.class</Jar>
    <Jar>C:\Users\Dell\Desktop\Project_Test\target\classes\observer\ParkingInfoDisplay.class</Jar>
    <Jar>C:\Users\Dell\Desktop\Project_Test\target\classes\observer\ParkingInformation.class</Jar>
    <Jar>C:\Users\Dell\Desktop\Project_Test\target\classes\observer\SeatCheckDisplay.class</Jar>
    <Jar>C:\Users\Dell\Desktop\Project_Test\target\classes\observer\Subject.class</Jar>
    <Jar>C:\Users\Dell\Desktop\Project_Test\target\classes\selectinformation\DiscountSelect.class</Jar>
    <Jar>C:\Users\Dell\Desktop\Project_Test\target\classes\selectinformation\MovieSelect.class</Jar>
    <Jar>C:\Users\Dell\Desktop\Project_Test\target\classes\selectinformation\PersonNumberSelect.class</Jar>
    <Jar>C:\Users\Dell\Desktop\Project_Test\target\classes\selectinformation\SeatSelect.class</Jar>
    <Jar>C:\Users\Dell\Desktop\Project_Test\target\classes\selectinformation\TheaterSelect.class</Jar>
    <Jar>C:\Users\Dell\Desktop\Project_Test\target\classes\selectinformation\TimeSelect.class</Jar>
    <AuxClasspathEntry>C:\Users\Dell\Desktop\Project_Test\target\classes</AuxClasspathEntry>
    <AuxClasspathEntry>C:\Users\Dell\Desktop\Project_Test\.scannerwork\findbugs\annotations.jar</AuxClasspathEntry>
    <AuxClasspathEntry>C:\Users\Dell\Desktop\Project_Test\.scannerwork\findbugs\jsr305.jar</AuxClasspathEntry>
    <WrkDir>C:\Users\Dell\Desktop\Project_Test\.scannerwork</WrkDir>
  </Project>
  <Errors errors="0" missingClasses="1">
    <MissingClass>accept</MissingClass>
  </Errors>
  <FindBugsSummary timestamp="Mon, 3 Jun 2019 18:45:01 +0900" total_classes="69" referenced_classes="94" total_bugs="0" total_size="1306" num_packages="8" java_version="1.8.0_121" vm_version="25.121-b13" cpu_seconds="16.64" clock_seconds="3.75" peak_mbytes="568.98" alloc_mbytes="3611.00" gc_seconds="0.04">
    <FileStats path="abstractfactory/Burger.java" bugCount="0" size="2"/>
    <FileStats path="abstractfactory/BurgerComboSet.java" bugCount="0" size="11"/>
    <FileStats path="abstractfactory/CaramelPopcorn.java" bugCount="0" size="5"/>
    <FileStats path="abstractfactory/CheeseBurger.java" bugCount="0" size="5"/>
    <FileStats path="abstractfactory/CheeseComboSetFactory.java" bugCount="0" size="13"/>
    <FileStats path="abstractfactory/CheeseComboSetMenu.java" bugCount="0" size="15"/>
    <FileStats path="abstractfactory/CheeseHotdog.java" bugCount="0" size="5"/>
    <FileStats path="abstractfactory/CheeseNacho.java" bugCount="0" size="5"/>
    <FileStats path="abstractfactory/CheesePopcorn.java" bugCount="0" size="5"/>
    <FileStats path="abstractfactory/Cider.java" bugCount="0" size="5"/>
    <FileStats path="abstractfactory/Cola.java" bugCount="0" size="5"/>
    <FileStats path="abstractfactory/ComboSet.java" bugCount="0" size="39"/>
    <FileStats path="abstractfactory/ComboSetFactory.java" bugCount="0" size="6"/>
    <FileStats path="abstractfactory/ComboSetMenu.java" bugCount="0" size="8"/>
    <FileStats path="abstractfactory/Drink.java" bugCount="0" size="2"/>
    <FileStats path="abstractfactory/HotDog.java" bugCount="0" size="2"/>
    <FileStats path="abstractfactory/Nacho.java" bugCount="0" size="2"/>
    <FileStats path="abstractfactory/NachoComboSet.java" bugCount="0" size="11"/>
    <FileStats path="abstractfactory/Popcorn.java" bugCount="0" size="2"/>
    <FileStats path="abstractfactory/SpicyBurger.java" bugCount="0" size="5"/>
    <FileStats path="abstractfactory/SpicyComboSetFactory.java" bugCount="0" size="13"/>
    <FileStats path="abstractfactory/SpicyComboSetMenu.java" bugCount="0" size="15"/>
    <FileStats path="abstractfactory/SpicyHotdog.java" bugCount="0" size="5"/>
    <FileStats path="abstractfactory/SpicyNacho.java" bugCount="0" size="5"/>
    <FileStats path="abstractfactory/SpicyPopcorn.java" bugCount="0" size="5"/>
    <FileStats path="builder/MovieInfomationBuilder.java" bugCount="0" size="29"/>
    <FileStats path="builder/MovieInformation.java" bugCount="0" size="31"/>
    <FileStats path="client/MainDisplay.java" bugCount="0" size="191"/>
    <FileStats path="command/BurgerChef.java" bugCount="0" size="6"/>
    <FileStats path="command/BurgerOrder.java" bugCount="0" size="60"/>
    <FileStats path="command/Command.java" bugCount="0" size="2"/>
    <FileStats path="command/DrinkChef.java" bugCount="0" size="6"/>
    <FileStats path="command/DrinkOrder.java" bugCount="0" size="66"/>
    <FileStats path="command/HotdogChef.java" bugCount="0" size="6"/>
    <FileStats path="command/HotdogOrder.java" bugCount="0" size="60"/>
    <FileStats path="command/NachoChef.java" bugCount="0" size="6"/>
    <FileStats path="command/NachoOrder.java" bugCount="0" size="60"/>
    <FileStats path="command/PopcornChef.java" bugCount="0" size="6"/>
    <FileStats path="command/PopcornOrder.java" bugCount="0" size="68"/>
    <FileStats path="command/SetChef.java" bugCount="0" size="6"/>
    <FileStats path="command/SetOrder.java" bugCount="0" size="74"/>
    <FileStats path="command/Staff.java" bugCount="0" size="12"/>
    <FileStats path="decorator/CardDiscount.java" bugCount="0" size="9"/>
    <FileStats path="decorator/CondimentDecorator.java" bugCount="0" size="5"/>
    <FileStats path="decorator/EarlyMorningMoive.java" bugCount="0" size="7"/>
    <FileStats path="decorator/LateNightMoive.java" bugCount="0" size="7"/>
    <FileStats path="decorator/Moive.java" bugCount="0" size="7"/>
    <FileStats path="decorator/StudentDiscount.java" bugCount="0" size="9"/>
    <FileStats path="decorator/Ticket.java" bugCount="0" size="8"/>
    <FileStats path="iterator/Iterator.java" bugCount="0" size="3"/>
    <FileStats path="iterator/Movie.java" bugCount="0" size="2"/>
    <FileStats path="iterator/MovieDisplay.java" bugCount="0" size="30"/>
    <FileStats path="iterator/MovieItem.java" bugCount="0" size="20"/>
    <FileStats path="iterator/MovieList.java" bugCount="0" size="16"/>
    <FileStats path="iterator/MovieListIterator.java" bugCount="0" size="15"/>
    <FileStats path="iterator/ReOpenMovieList.java" bugCount="0" size="21"/>
    <FileStats path="iterator/ReOpenMovieListIterator.java" bugCount="0" size="13"/>
    <FileStats path="observer/DisplayElement.java" bugCount="0" size="2"/>
    <FileStats path="observer/Observer.java" bugCount="0" size="4"/>
    <FileStats path="observer/ParkingInfoDisplay.java" bugCount="0" size="24"/>
    <FileStats path="observer/ParkingInformation.java" bugCount="0" size="28"/>
    <FileStats path="observer/SeatCheckDisplay.java" bugCount="0" size="28"/>
    <FileStats path="observer/Subject.java" bugCount="0" size="7"/>
    <FileStats path="selectinformation/DiscountSelect.java" bugCount="0" size="26"/>
    <FileStats path="selectinformation/MovieSelect.java" bugCount="0" size="29"/>
    <FileStats path="selectinformation/PersonNumberSelect.java" bugCount="0" size="17"/>
    <FileStats path="selectinformation/SeatSelect.java" bugCount="0" size="33"/>
    <FileStats path="selectinformation/TheaterSelect.java" bugCount="0" size="26"/>
    <FileStats path="selectinformation/TimeSelect.java" bugCount="0" size="25"/>
    <PackageStats package="abstractfactory" total_bugs="0" total_types="25" total_size="196">
      <ClassStats class="abstractfactory.Burger" sourceFile="Burger.java" interface="true" size="2" bugs="0"/>
      <ClassStats class="abstractfactory.BurgerComboSet" sourceFile="BurgerComboSet.java" interface="false" size="11" bugs="0"/>
      <ClassStats class="abstractfactory.CaramelPopcorn" sourceFile="CaramelPopcorn.java" interface="false" size="5" bugs="0"/>
      <ClassStats class="abstractfactory.CheeseBurger" sourceFile="CheeseBurger.java" interface="false" size="5" bugs="0"/>
      <ClassStats class="abstractfactory.CheeseComboSetFactory" sourceFile="CheeseComboSetFactory.java" interface="false" size="13" bugs="0"/>
      <ClassStats class="abstractfactory.CheeseComboSetMenu" sourceFile="CheeseComboSetMenu.java" interface="false" size="15" bugs="0"/>
      <ClassStats class="abstractfactory.CheeseHotdog" sourceFile="CheeseHotdog.java" interface="false" size="5" bugs="0"/>
      <ClassStats class="abstractfactory.CheeseNacho" sourceFile="CheeseNacho.java" interface="false" size="5" bugs="0"/>
      <ClassStats class="abstractfactory.CheesePopcorn" sourceFile="CheesePopcorn.java" interface="false" size="5" bugs="0"/>
      <ClassStats class="abstractfactory.Cider" sourceFile="Cider.java" interface="false" size="5" bugs="0"/>
      <ClassStats class="abstractfactory.Cola" sourceFile="Cola.java" interface="false" size="5" bugs="0"/>
      <ClassStats class="abstractfactory.ComboSet" sourceFile="ComboSet.java" interface="false" size="39" bugs="0"/>
      <ClassStats class="abstractfactory.ComboSetFactory" sourceFile="ComboSetFactory.java" interface="true" size="6" bugs="0"/>
      <ClassStats class="abstractfactory.ComboSetMenu" sourceFile="ComboSetMenu.java" interface="false" size="8" bugs="0"/>
      <ClassStats class="abstractfactory.Drink" sourceFile="Drink.java" interface="true" size="2" bugs="0"/>
      <ClassStats class="abstractfactory.HotDog" sourceFile="HotDog.java" interface="true" size="2" bugs="0"/>
      <ClassStats class="abstractfactory.Nacho" sourceFile="Nacho.java" interface="true" size="2" bugs="0"/>
      <ClassStats class="abstractfactory.NachoComboSet" sourceFile="NachoComboSet.java" interface="false" size="11" bugs="0"/>
      <ClassStats class="abstractfactory.Popcorn" sourceFile="Popcorn.java" interface="true" size="2" bugs="0"/>
      <ClassStats class="abstractfactory.SpicyBurger" sourceFile="SpicyBurger.java" interface="false" size="5" bugs="0"/>
      <ClassStats class="abstractfactory.SpicyComboSetFactory" sourceFile="SpicyComboSetFactory.java" interface="false" size="13" bugs="0"/>
      <ClassStats class="abstractfactory.SpicyComboSetMenu" sourceFile="SpicyComboSetMenu.java" interface="false" size="15" bugs="0"/>
      <ClassStats class="abstractfactory.SpicyHotdog" sourceFile="SpicyHotdog.java" interface="false" size="5" bugs="0"/>
      <ClassStats class="abstractfactory.SpicyNacho" sourceFile="SpicyNacho.java" interface="false" size="5" bugs="0"/>
      <ClassStats class="abstractfactory.SpicyPopcorn" sourceFile="SpicyPopcorn.java" interface="false" size="5" bugs="0"/>
    </PackageStats>
    <PackageStats package="builder" total_bugs="0" total_types="2" total_size="60">
      <ClassStats class="builder.MovieInfomationBuilder" sourceFile="MovieInfomationBuilder.java" interface="false" size="29" bugs="0"/>
      <ClassStats class="builder.MovieInformation" sourceFile="MovieInformation.java" interface="false" size="31" bugs="0"/>
    </PackageStats>
    <PackageStats package="client" total_bugs="0" total_types="1" total_size="191">
      <ClassStats class="client.MainDisplay" sourceFile="MainDisplay.java" interface="false" size="191" bugs="0"/>
    </PackageStats>
    <PackageStats package="command" total_bugs="0" total_types="14" total_size="438">
      <ClassStats class="command.BurgerChef" sourceFile="BurgerChef.java" interface="false" size="6" bugs="0"/>
      <ClassStats class="command.BurgerOrder" sourceFile="BurgerOrder.java" interface="false" size="60" bugs="0"/>
      <ClassStats class="command.Command" sourceFile="Command.java" interface="true" size="2" bugs="0"/>
      <ClassStats class="command.DrinkChef" sourceFile="DrinkChef.java" interface="false" size="6" bugs="0"/>
      <ClassStats class="command.DrinkOrder" sourceFile="DrinkOrder.java" interface="false" size="66" bugs="0"/>
      <ClassStats class="command.HotdogChef" sourceFile="HotdogChef.java" interface="false" size="6" bugs="0"/>
      <ClassStats class="command.HotdogOrder" sourceFile="HotdogOrder.java" interface="false" size="60" bugs="0"/>
      <ClassStats class="command.NachoChef" sourceFile="NachoChef.java" interface="false" size="6" bugs="0"/>
      <ClassStats class="command.NachoOrder" sourceFile="NachoOrder.java" interface="false" size="60" bugs="0"/>
      <ClassStats class="command.PopcornChef" sourceFile="PopcornChef.java" interface="false" size="6" bugs="0"/>
      <ClassStats class="command.PopcornOrder" sourceFile="PopcornOrder.java" interface="false" size="68" bugs="0"/>
      <ClassStats class="command.SetChef" sourceFile="SetChef.java" interface="false" size="6" bugs="0"/>
      <ClassStats class="command.SetOrder" sourceFile="SetOrder.java" interface="false" size="74" bugs="0"/>
      <ClassStats class="command.Staff" sourceFile="Staff.java" interface="false" size="12" bugs="0"/>
    </PackageStats>
    <PackageStats package="decorator" total_bugs="0" total_types="7" total_size="52">
      <ClassStats class="decorator.CardDiscount" sourceFile="CardDiscount.java" interface="false" size="9" bugs="0"/>
      <ClassStats class="decorator.CondimentDecorator" sourceFile="CondimentDecorator.java" interface="false" size="5" bugs="0"/>
      <ClassStats class="decorator.EarlyMorningMoive" sourceFile="EarlyMorningMoive.java" interface="false" size="7" bugs="0"/>
      <ClassStats class="decorator.LateNightMoive" sourceFile="LateNightMoive.java" interface="false" size="7" bugs="0"/>
      <ClassStats class="decorator.Moive" sourceFile="Moive.java" interface="false" size="7" bugs="0"/>
      <ClassStats class="decorator.StudentDiscount" sourceFile="StudentDiscount.java" interface="false" size="9" bugs="0"/>
      <ClassStats class="decorator.Ticket" sourceFile="Ticket.java" interface="false" size="8" bugs="0"/>
    </PackageStats>
    <PackageStats package="iterator" total_bugs="0" total_types="8" total_size="120">
      <ClassStats class="iterator.Iterator" sourceFile="Iterator.java" interface="true" size="3" bugs="0"/>
      <ClassStats class="iterator.Movie" sourceFile="Movie.java" interface="true" size="2" bugs="0"/>
      <ClassStats class="iterator.MovieDisplay" sourceFile="MovieDisplay.java" interface="false" size="30" bugs="0"/>
      <ClassStats class="iterator.MovieItem" sourceFile="MovieItem.java" interface="false" size="20" bugs="0"/>
      <ClassStats class="iterator.MovieList" sourceFile="MovieList.java" interface="false" size="16" bugs="0"/>
      <ClassStats class="iterator.MovieListIterator" sourceFile="MovieListIterator.java" interface="false" size="15" bugs="0"/>
      <ClassStats class="iterator.ReOpenMovieList" sourceFile="ReOpenMovieList.java" interface="false" size="21" bugs="0"/>
      <ClassStats class="iterator.ReOpenMovieListIterator" sourceFile="ReOpenMovieListIterator.java" interface="false" size="13" bugs="0"/>
    </PackageStats>
    <PackageStats package="observer" total_bugs="0" total_types="6" total_size="93">
      <ClassStats class="observer.DisplayElement" sourceFile="DisplayElement.java" interface="true" size="2" bugs="0"/>
      <ClassStats class="observer.Observer" sourceFile="Observer.java" interface="true" size="4" bugs="0"/>
      <ClassStats class="observer.ParkingInfoDisplay" sourceFile="ParkingInfoDisplay.java" interface="false" size="24" bugs="0"/>
      <ClassStats class="observer.ParkingInformation" sourceFile="ParkingInformation.java" interface="false" size="28" bugs="0"/>
      <ClassStats class="observer.SeatCheckDisplay" sourceFile="SeatCheckDisplay.java" interface="false" size="28" bugs="0"/>
      <ClassStats class="observer.Subject" sourceFile="Subject.java" interface="false" size="7" bugs="0"/>
    </PackageStats>
    <PackageStats package="selectinformation" total_bugs="0" total_types="6" total_size="156">
      <ClassStats class="selectinformation.DiscountSelect" sourceFile="DiscountSelect.java" interface="false" size="26" bugs="0"/>
      <ClassStats class="selectinformation.MovieSelect" sourceFile="MovieSelect.java" interface="false" size="29" bugs="0"/>
      <ClassStats class="selectinformation.PersonNumberSelect" sourceFile="PersonNumberSelect.java" interface="false" size="17" bugs="0"/>
      <ClassStats class="selectinformation.SeatSelect" sourceFile="SeatSelect.java" interface="false" size="33" bugs="0"/>
      <ClassStats class="selectinformation.TheaterSelect" sourceFile="TheaterSelect.java" interface="false" size="26" bugs="0"/>
      <ClassStats class="selectinformation.TimeSelect" sourceFile="TimeSelect.java" interface="false" size="25" bugs="0"/>
    </PackageStats>
    <FindBugsProfile>
      <ClassProfile name="edu.umd.cs.findbugs.classfile.engine.ClassDataAnalysisEngine" totalMilliseconds="327" invocations="507" avgMicrosecondsPerInvocation="646" maxMicrosecondsPerInvocation="1687" standardDeviationMicrosecondsPerInvocation="344"/>
      <ClassProfile name="edu.umd.cs.findbugs.classfile.engine.ClassInfoAnalysisEngine" totalMilliseconds="247" invocations="504" avgMicrosecondsPerInvocation="491" maxMicrosecondsPerInvocation="23744" standardDeviationMicrosecondsPerInvocation="1461"/>
      <ClassProfile name="edu.umd.cs.findbugs.classfile.engine.bcel.ValueNumberDataflowFactory" totalMilliseconds="116" invocations="175" avgMicrosecondsPerInvocation="666" maxMicrosecondsPerInvocation="15469" standardDeviationMicrosecondsPerInvocation="2126"/>
      <ClassProfile name="com.h3xstream.findsecbugs.taintanalysis.TaintDataflowEngine" totalMilliseconds="113" invocations="171" avgMicrosecondsPerInvocation="663" maxMicrosecondsPerInvocation="15019" standardDeviationMicrosecondsPerInvocation="1774"/>
      <ClassProfile name="edu.umd.cs.findbugs.classfile.engine.bcel.IsNullValueDataflowFactory" totalMilliseconds="112" invocations="171" avgMicrosecondsPerInvocation="655" maxMicrosecondsPerInvocation="14780" standardDeviationMicrosecondsPerInvocation="1842"/>
      <ClassProfile name="edu.umd.cs.findbugs.detect.StreamResourceTracker" totalMilliseconds="111" invocations="177" avgMicrosecondsPerInvocation="627" maxMicrosecondsPerInvocation="3934" standardDeviationMicrosecondsPerInvocation="730"/>
      <ClassProfile name="edu.umd.cs.findbugs.classfile.engine.bcel.UnconditionalValueDerefDataflowFactory" totalMilliseconds="110" invocations="171" avgMicrosecondsPerInvocation="648" maxMicrosecondsPerInvocation="19106" standardDeviationMicrosecondsPerInvocation="2149"/>
      <ClassProfile name="edu.umd.cs.findbugs.detect.FieldItemSummary" totalMilliseconds="99" invocations="94" avgMicrosecondsPerInvocation="1061" maxMicrosecondsPerInvocation="14527" standardDeviationMicrosecondsPerInvocation="2359"/>
      <ClassProfile name="edu.umd.cs.findbugs.OpcodeStack$JumpInfoFactory" totalMilliseconds="95" invocations="308" avgMicrosecondsPerInvocation="311" maxMicrosecondsPerInvocation="11534" standardDeviationMicrosecondsPerInvocation="829"/>
      <ClassProfile name="edu.umd.cs.findbugs.ba.npe.NullDerefAndRedundantComparisonFinder" totalMilliseconds="81" invocations="171" avgMicrosecondsPerInvocation="477" maxMicrosecondsPerInvocation="11779" standardDeviationMicrosecondsPerInvocation="1246"/>
      <ClassProfile name="edu.umd.cs.findbugs.classfile.engine.bcel.TypeDataflowFactory" totalMilliseconds="75" invocations="171" avgMicrosecondsPerInvocation="443" maxMicrosecondsPerInvocation="11699" standardDeviationMicrosecondsPerInvocation="1278"/>
      <ClassProfile name="edu.umd.cs.findbugs.classfile.engine.bcel.CFGFactory" totalMilliseconds="68" invocations="195" avgMicrosecondsPerInvocation="352" maxMicrosecondsPerInvocation="14688" standardDeviationMicrosecondsPerInvocation="1157"/>
      <ClassProfile name="edu.umd.cs.findbugs.detect.FindNoSideEffectMethods" totalMilliseconds="63" invocations="94" avgMicrosecondsPerInvocation="676" maxMicrosecondsPerInvocation="9610" standardDeviationMicrosecondsPerInvocation="1410"/>
      <ClassProfile name="edu.umd.cs.findbugs.classfile.engine.bcel.MethodGenFactory" totalMilliseconds="56" invocations="195" avgMicrosecondsPerInvocation="287" maxMicrosecondsPerInvocation="36509" standardDeviationMicrosecondsPerInvocation="2606"/>
      <ClassProfile name="edu.umd.cs.findbugs.detect.FindRefComparison$SpecialTypeAnalysis" totalMilliseconds="54" invocations="133" avgMicrosecondsPerInvocation="410" maxMicrosecondsPerInvocation="6752" standardDeviationMicrosecondsPerInvocation="954"/>
      <ClassProfile name="edu.umd.cs.findbugs.classfile.engine.bcel.JavaClassAnalysisEngine" totalMilliseconds="42" invocations="153" avgMicrosecondsPerInvocation="275" maxMicrosecondsPerInvocation="21682" standardDeviationMicrosecondsPerInvocation="1776"/>
      <ClassProfile name="edu.umd.cs.findbugs.detect.NoteDirectlyRelevantTypeQualifiers" totalMilliseconds="41" invocations="94" avgMicrosecondsPerInvocation="436" maxMicrosecondsPerInvocation="5135" standardDeviationMicrosecondsPerInvocation="882"/>
      <ClassProfile name="edu.umd.cs.findbugs.detect.FindOpenStream" totalMilliseconds="39" invocations="69" avgMicrosecondsPerInvocation="576" maxMicrosecondsPerInvocation="6557" standardDeviationMicrosecondsPerInvocation="1324"/>
      <ClassProfile name="edu.umd.cs.findbugs.util.TopologicalSort" totalMilliseconds="34" invocations="470" avgMicrosecondsPerInvocation="73" maxMicrosecondsPerInvocation="1107" standardDeviationMicrosecondsPerInvocation="126"/>
      <ClassProfile name="edu.umd.cs.findbugs.classfile.engine.bcel.ConstantDataflowFactory" totalMilliseconds="27" invocations="171" avgMicrosecondsPerInvocation="159" maxMicrosecondsPerInvocation="4004" standardDeviationMicrosecondsPerInvocation="447"/>
      <ClassProfile name="edu.umd.cs.findbugs.detect.FunctionsThatMightBeMistakenForProcedures" totalMilliseconds="25" invocations="94" avgMicrosecondsPerInvocation="276" maxMicrosecondsPerInvocation="4214" standardDeviationMicrosecondsPerInvocation="756"/>
      <ClassProfile name="edu.umd.cs.findbugs.classfile.engine.bcel.ValueRangeAnalysisFactory" totalMilliseconds="22" invocations="195" avgMicrosecondsPerInvocation="116" maxMicrosecondsPerInvocation="6505" standardDeviationMicrosecondsPerInvocation="547"/>
      <ClassProfile name="edu.umd.cs.findbugs.ba.obl.ObligationAnalysis" totalMilliseconds="22" invocations="37" avgMicrosecondsPerInvocation="596" maxMicrosecondsPerInvocation="5808" standardDeviationMicrosecondsPerInvocation="1020"/>
      <ClassProfile name="edu.umd.cs.findbugs.detect.OverridingEqualsNotSymmetrical" totalMilliseconds="21" invocations="94" avgMicrosecondsPerInvocation="227" maxMicrosecondsPerInvocation="7635" standardDeviationMicrosecondsPerInvocation="848"/>
      <ClassProfile name="edu.umd.cs.findbugs.detect.CalledMethods" totalMilliseconds="21" invocations="94" avgMicrosecondsPerInvocation="224" maxMicrosecondsPerInvocation="2235" standardDeviationMicrosecondsPerInvocation="422"/>
      <ClassProfile name="edu.umd.cs.findbugs.detect.FindInconsistentSync2" totalMilliseconds="20" invocations="69" avgMicrosecondsPerInvocation="301" maxMicrosecondsPerInvocation="4035" standardDeviationMicrosecondsPerInvocation="562"/>
      <ClassProfile name="edu.umd.cs.findbugs.detect.DefaultEncodingDetector" totalMilliseconds="19" invocations="69" avgMicrosecondsPerInvocation="287" maxMicrosecondsPerInvocation="5551" standardDeviationMicrosecondsPerInvocation="749"/>
      <ClassProfile name="edu.umd.cs.findbugs.DetectorToDetector2Adapter" totalMilliseconds="19" invocations="14979" avgMicrosecondsPerInvocation="1" maxMicrosecondsPerInvocation="33" standardDeviationMicrosecondsPerInvocation="1"/>
      <ClassProfile name="edu.umd.cs.findbugs.detect.CheckRelaxingNullnessAnnotation" totalMilliseconds="18" invocations="69" avgMicrosecondsPerInvocation="264" maxMicrosecondsPerInvocation="7803" standardDeviationMicrosecondsPerInvocation="973"/>
      <ClassProfile name="edu.umd.cs.findbugs.classfile.engine.bcel.LiveLocalStoreDataflowFactory" totalMilliseconds="18" invocations="170" avgMicrosecondsPerInvocation="106" maxMicrosecondsPerInvocation="3440" standardDeviationMicrosecondsPerInvocation="321"/>
      <ClassProfile name="edu.umd.cs.findbugs.detect.BuildObligationPolicyDatabase" totalMilliseconds="18" invocations="94" avgMicrosecondsPerInvocation="192" maxMicrosecondsPerInvocation="1967" standardDeviationMicrosecondsPerInvocation="375"/>
      <ClassProfile name="edu.umd.cs.findbugs.detect.FindUselessObjects" totalMilliseconds="18" invocations="69" avgMicrosecondsPerInvocation="261" maxMicrosecondsPerInvocation="2335" standardDeviationMicrosecondsPerInvocation="443"/>
      <ClassProfile name="edu.umd.cs.findbugs.detect.ReflectiveClasses" totalMilliseconds="17" invocations="94" avgMicrosecondsPerInvocation="188" maxMicrosecondsPerInvocation="2922" standardDeviationMicrosecondsPerInvocation="409"/>
      <ClassProfile name="edu.umd.cs.findbugs.detect.UnreadFields" totalMilliseconds="17" invocations="69" avgMicrosecondsPerInvocation="253" maxMicrosecondsPerInvocation="2380" standardDeviationMicrosecondsPerInvocation="376"/>
      <ClassProfile name="edu.umd.cs.findbugs.detect.DumbMethods" totalMilliseconds="16" invocations="69" avgMicrosecondsPerInvocation="236" maxMicrosecondsPerInvocation="2943" standardDeviationMicrosecondsPerInvocation="454"/>
      <ClassProfile name="edu.umd.cs.findbugs.detect.BuildStringPassthruGraph" totalMilliseconds="15" invocations="94" avgMicrosecondsPerInvocation="166" maxMicrosecondsPerInvocation="4011" standardDeviationMicrosecondsPerInvocation="493"/>
      <ClassProfile name="edu.umd.cs.findbugs.ba.npe.TypeQualifierNullnessAnnotationDatabase" totalMilliseconds="14" invocations="3000" avgMicrosecondsPerInvocation="4" maxMicrosecondsPerInvocation="1350" standardDeviationMicrosecondsPerInvocation="34"/>
      <ClassProfile name="edu.umd.cs.findbugs.detect.LoadOfKnownNullValue" totalMilliseconds="13" invocations="69" avgMicrosecondsPerInvocation="193" maxMicrosecondsPerInvocation="1403" standardDeviationMicrosecondsPerInvocation="284"/>
      <ClassProfile name="com.h3xstream.findsecbugs.file.PathTraversalDetector" totalMilliseconds="13" invocations="69" avgMicrosecondsPerInvocation="189" maxMicrosecondsPerInvocation="1087" standardDeviationMicrosecondsPerInvocation="248"/>
      <ClassProfile name="edu.umd.cs.findbugs.detect.FindNullDeref$CheckCallSitesAndReturnInstructions" totalMilliseconds="12" invocations="171" avgMicrosecondsPerInvocation="75" maxMicrosecondsPerInvocation="1045" standardDeviationMicrosecondsPerInvocation="168"/>
      <ClassProfile name="edu.umd.cs.findbugs.detect.ExplicitSerialization" totalMilliseconds="12" invocations="94" avgMicrosecondsPerInvocation="135" maxMicrosecondsPerInvocation="4366" standardDeviationMicrosecondsPerInvocation="664"/>
      <ClassProfile name="com.h3xstream.findsecbugs.password.ConstantPasswordDetector" totalMilliseconds="11" invocations="69" avgMicrosecondsPerInvocation="170" maxMicrosecondsPerInvocation="1738" standardDeviationMicrosecondsPerInvocation="290"/>
      <ClassProfile name="edu.umd.cs.findbugs.detect.FindRefComparison" totalMilliseconds="11" invocations="69" avgMicrosecondsPerInvocation="169" maxMicrosecondsPerInvocation="2344" standardDeviationMicrosecondsPerInvocation="332"/>
      <ClassProfile name="edu.umd.cs.findbugs.detect.FindDeadLocalStores" totalMilliseconds="11" invocations="69" avgMicrosecondsPerInvocation="165" maxMicrosecondsPerInvocation="2374" standardDeviationMicrosecondsPerInvocation="340"/>
      <ClassProfile name="edu.umd.cs.findbugs.classfile.engine.asm.ClassReaderAnalysisEngine" totalMilliseconds="11" invocations="538" avgMicrosecondsPerInvocation="20" maxMicrosecondsPerInvocation="5705" standardDeviationMicrosecondsPerInvocation="245"/>
    </FindBugsProfile>
  </FindBugsSummary>
  <ClassFeatures></ClassFeatures>
  <History></History>
</BugCollection>
